70.014,3.2384e-18,0.33333
70.028,3.2381e-18,0.66667
70.042,3.2377e-18,1
70.056,3.2373e-18,1.3333
70.069,3.2368e-18,1.6667
70.083,3.2362e-18,2
70.097,3.2356e-18,2.3333
70.111,3.235e-18,2.6667
70.125,3.2344e-18,3
70.139,3.2338e-18,3.3333
70.153,3.2332e-18,3.6667
70.167,3.2326e-18,4
70.181,3.2321e-18,4.3333
70.194,3.2316e-18,4.6667
70.208,3.2312e-18,5
70.222,3.2309e-18,5.3333
70.236,3.2306e-18,5.6667
70.25,3.2304e-18,6
70.264,3.2302e-18,6.3333
70.278,3.2301e-18,6.6667
70.292,3.23e-18,7
70.306,3.23e-18,7.3333
70.319,3.23e-18,7.6667
70.333,3.23e-18,8
70.347,3.2301e-18,8.3333
70.361,3.2302e-18,8.6667
70.375,3.2304e-18,9
70.389,3.2306e-18,9.3333
70.403,3.2308e-18,9.6667
70.417,3.2311e-18,10
70.431,3.2315e-18,10.333
70.444,3.2319e-18,10.667
70.458,3.2323e-18,11
70.472,3.2328e-18,11.333
70.486,3.2332e-18,11.667
70.5,3.2336e-18,12
70.514,3.234e-18,12.333
70.528,3.2343e-18,12.667
70.542,3.2345e-18,13
70.556,3.2347e-18,13.333
70.569,3.2349e-18,13.667
70.583,3.2349e-18,14
70.597,3.2349e-18,14.333
70.611,3.2349e-18,14.667
70.625,3.2349e-18,15
70.639,3.2348e-18,15.333
70.653,3.2346e-18,15.667
70.667,3.2345e-18,16
70.681,3.2344e-18,16.333
70.694,3.2342e-18,16.667
70.708,3.234e-18,17
70.722,3.2339e-18,17.333
70.736,3.2338e-18,17.667
70.75,3.2337e-18,18
70.764,3.2336e-18,18.333
70.778,3.2336e-18,18.667
70.792,3.2335e-18,19
70.806,3.2335e-18,19.333
70.819,3.2335e-18,19.667
70.833,3.2335e-18,20
70.847,3.2336e-18,20.333
70.861,3.2336e-18,20.667
70.875,3.2335e-18,21
70.889,3.2335e-18,21.333
70.903,3.2335e-18,21.667
70.917,3.2334e-18,22
70.931,3.2333e-18,22.333
70.944,3.2332e-18,22.667
70.958,3.2331e-18,23
70.972,3.233e-18,23.333
70.986,3.2328e-18,23.667
71,3.2325e-18,0
71.014,3.2323e-18,0.33333
71.028,3.232e-18,0.66667
71.042,3.2316e-18,1
71.056,3.2312e-18,1.3333
71.069,3.2307e-18,1.6667
71.083,3.2302e-18,2
71.097,3.2297e-18,2.3333
71.111,3.2291e-18,2.6667
71.125,3.2285e-18,3
71.139,3.2279e-18,3.3333
71.153,3.2273e-18,3.6667
71.167,3.2267e-18,4
71.181,3.2262e-18,4.3333
71.194,3.2258e-18,4.6667
71.208,3.2253e-18,5
71.222,3.225e-18,5.3333
71.236,3.2247e-18,5.6667
71.25,3.2245e-18,6
71.264,3.2243e-18,6.3333
71.278,3.2242e-18,6.6667
71.292,3.2241e-18,7
71.306,3.2241e-18,7.3333
71.319,3.2241e-18,7.6667
71.333,3.2241e-18,8
71.347,3.2242e-18,8.3333
71.361,3.2243e-18,8.6667
71.375,3.2245e-18,9
71.389,3.2247e-18,9.3333
71.403,3.2249e-18,9.6667
71.417,3.2253e-18,10
71.431,3.2256e-18,10.333
71.444,3.226e-18,10.667
71.458,3.2265e-18,11
71.472,3.2269e-18,11.333
71.486,3.2274e-18,11.667
71.5,3.2278e-18,12
71.514,3.2282e-18,12.333
71.528,3.2285e-18,12.667
71.542,3.2288e-18,13
71.556,3.229e-18,13.333
71.569,3.2291e-18,13.667
71.583,3.2292e-18,14
71.597,3.2292e-18,14.333
71.611,3.2292e-18,14.667
71.625,3.2291e-18,15
71.639,3.2291e-18,15.333
71.653,3.229e-18,15.667
71.667,3.2288e-18,16
71.681,3.2287e-18,16.333
71.694,3.2286e-18,16.667
71.708,3.2284e-18,17
71.722,3.2283e-18,17.333
71.736,3.2282e-18,17.667
71.75,3.2281e-18,18
71.764,3.2281e-18,18.333
71.778,3.228e-18,18.667
71.792,3.228e-18,19
71.806,3.228e-18,19.333
71.819,3.228e-18,19.667
71.833,3.228e-18,20
71.847,3.2281e-18,20.333
71.861,3.2281e-18,20.667
71.875,3.2281e-18,21
71.889,3.2281e-18,21.333
71.903,3.228e-18,21.667
71.917,3.2279e-18,22
71.931,3.2279e-18,22.333
71.944,3.2278e-18,22.667
71.958,3.2277e-18,23
71.972,3.2275e-18,23.333
71.986,3.2273e-18,23.667
72,3.2271e-18,0
72.014,3.2269e-18,0.33333
72.028,3.2266e-18,0.66667
72.042,3.2263e-18,1
72.056,3.2259e-18,1.3333
72.069,3.2254e-18,1.6667
72.083,3.2249e-18,2
72.097,3.2244e-18,2.3333
72.111,3.2238e-18,2.6667
72.125,3.2232e-18,3
72.139,3.2226e-18,3.3333
72.153,3.2221e-18,3.6667
72.167,3.2215e-18,4
72.181,3.221e-18,4.3333
72.194,3.2206e-18,4.6667
72.208,3.2202e-18,5
72.222,3.2198e-18,5.3333
72.236,3.2195e-18,5.6667
72.25,3.2193e-18,6
72.264,3.2191e-18,6.3333
72.278,3.219e-18,6.6667
72.292,3.219e-18,7
72.306,3.2189e-18,7.3333
72.319,3.2189e-18,7.6667
72.333,3.219e-18,8
72.347,3.219e-18,8.3333
72.361,3.2191e-18,8.6667
72.375,3.2193e-18,9
72.389,3.2195e-18,9.3333
72.403,3.2198e-18,9.6667
72.417,3.2201e-18,10
72.431,3.2205e-18,10.333
72.444,3.2209e-18,10.667
72.458,3.2213e-18,11
72.472,3.2218e-18,11.333
72.486,3.2223e-18,11.667
72.5,3.2227e-18,12
72.514,3.2231e-18,12.333
72.528,3.2234e-18,12.667
72.542,3.2237e-18,13
72.556,3.2239e-18,13.333
72.569,3.224e-18,13.667
72.583,3.2241e-18,14
72.597,3.2241e-18,14.333
72.611,3.2241e-18,14.667
72.625,3.2241e-18,15
72.639,3.224e-18,15.333
72.653,3.2239e-18,15.667
72.667,3.2238e-18,16
72.681,3.2237e-18,16.333
72.694,3.2236e-18,16.667
72.708,3.2234e-18,17
72.722,3.2233e-18,17.333
72.736,3.2232e-18,17.667
72.75,3.2232e-18,18
72.764,3.2231e-18,18.333
72.778,3.2231e-18,18.667
72.792,3.2231e-18,19
72.806,3.2231e-18,19.333
72.819,3.2231e-18,19.667
72.833,3.2232e-18,20
72.847,3.2232e-18,20.333
72.861,3.2232e-18,20.667
72.875,3.2232e-18,21
72.889,3.2232e-18,21.333
72.903,3.2232e-18,21.667
72.917,3.2231e-18,22
72.931,3.223e-18,22.333
72.944,3.2229e-18,22.667
72.958,3.2228e-18,23
72.972,3.2227e-18,23.333
72.986,3.2225e-18,23.667
73,3.2223e-18,0
73.014,3.2221e-18,0.33333
73.028,3.2218e-18,0.66667
73.042,3.2215e-18,1
73.056,3.2211e-18,1.3333
73.069,3.2207e-18,1.6667
73.083,3.2202e-18,2
73.097,3.2197e-18,2.3333
73.111,3.2192e-18,2.6667
73.125,3.2186e-18,3
73.139,3.218e-18,3.3333
73.153,3.2175e-18,3.6667
73.167,3.217e-18,4
73.181,3.2165e-18,4.3333
73.194,3.216e-18,4.6667
73.208,3.2156e-18,5
73.222,3.2153e-18,5.3333
73.236,3.215e-18,5.6667
73.25,3.2148e-18,6
73.264,3.2146e-18,6.3333
73.278,3.2145e-18,6.6667
73.292,3.2144e-18,7
73.306,3.2144e-18,7.3333
73.319,3.2143e-18,7.6667
73.333,3.2144e-18,8
73.347,3.2145e-18,8.3333
73.361,3.2146e-18,8.6667
73.375,3.2147e-18,9
73.389,3.2149e-18,9.3333
73.403,3.2152e-18,9.6667
73.417,3.2155e-18,10
73.431,3.2159e-18,10.333
73.444,3.2164e-18,10.667
73.458,3.2168e-18,11
73.472,3.2173e-18,11.333
73.486,3.2178e-18,11.667
73.5,3.2182e-18,12
73.514,3.2186e-18,12.333
73.528,3.219e-18,12.667
73.542,3.2192e-18,13
73.556,3.2194e-18,13.333
73.569,3.2196e-18,13.667
73.583,3.2196e-18,14
73.597,3.2197e-18,14.333
73.611,3.2197e-18,14.667
73.625,3.2196e-18,15
73.639,3.2196e-18,15.333
73.653,3.2195e-18,15.667
73.667,3.2194e-18,16
73.681,3.2193e-18,16.333
73.694,3.2192e-18,16.667
73.708,3.2191e-18,17
73.722,3.219e-18,17.333
73.736,3.2189e-18,17.667
73.75,3.2188e-18,18
73.764,3.2188e-18,18.333
73.778,3.2188e-18,18.667
73.792,3.2188e-18,19
73.806,3.2188e-18,19.333
73.819,3.2188e-18,19.667
73.833,3.2189e-18,20
73.847,3.2189e-18,20.333
73.861,3.2189e-18,20.667
73.875,3.2189e-18,21
73.889,3.2189e-18,21.333
73.903,3.2189e-18,21.667
73.917,3.2188e-18,22
73.931,3.2187e-18,22.333
73.944,3.2186e-18,22.667
73.958,3.2185e-18,23
73.972,3.2184e-18,23.333
73.986,3.2183e-18,23.667
74,3.2181e-18,0
74.014,3.2179e-18,0.33333
74.028,3.2176e-18,0.66667
74.042,3.2173e-18,1
74.056,3.2169e-18,1.3333
74.069,3.2165e-18,1.6667
74.083,3.2161e-18,2
74.097,3.2156e-18,2.3333
74.111,3.2151e-18,2.6667
74.125,3.2145e-18,3
74.139,3.214e-18,3.3333
74.153,3.2134e-18,3.6667
74.167,3.2129e-18,4
74.181,3.2124e-18,4.3333
74.194,3.212e-18,4.6667
74.208,3.2116e-18,5
74.222,3.2112e-18,5.3333
74.236,3.211e-18,5.6667
74.25,3.2107e-18,6
74.264,3.2106e-18,6.3333
74.278,3.2105e-18,6.6667
74.292,3.2104e-18,7
74.306,3.2103e-18,7.3333
74.319,3.2103e-18,7.6667
74.333,3.2104e-18,8
74.347,3.2104e-18,8.3333
74.361,3.2106e-18,8.6667
74.375,3.2107e-18,9
74.389,3.2109e-18,9.3333
74.403,3.2112e-18,9.6667
74.417,3.2115e-18,10
74.431,3.2119e-18,10.333
74.444,3.2124e-18,10.667
74.458,3.2129e-18,11
74.472,3.2134e-18,11.333
74.486,3.2138e-18,11.667
74.5,3.2143e-18,12
74.514,3.2147e-18,12.333
74.528,3.215e-18,12.667
74.542,3.2153e-18,13
74.556,3.2155e-18,13.333
74.569,3.2156e-18,13.667
74.583,3.2157e-18,14
74.597,3.2157e-18,14.333
74.611,3.2157e-18,14.667
74.625,3.2157e-18,15
74.639,3.2157e-18,15.333
74.653,3.2156e-18,15.667
74.667,3.2155e-18,16
74.681,3.2154e-18,16.333
74.694,3.2153e-18,16.667
74.708,3.2152e-18,17
74.722,3.2151e-18,17.333
74.736,3.215e-18,17.667
74.75,3.215e-18,18
74.764,3.2149e-18,18.333
74.778,3.2149e-18,18.667
74.792,3.2149e-18,19
74.806,3.215e-18,19.333
74.819,3.215e-18,19.667
74.833,3.2151e-18,20
74.847,3.2151e-18,20.333
74.861,3.2151e-18,20.667
74.875,3.2151e-18,21
74.889,3.2151e-18,21.333
74.903,3.2151e-18,21.667
74.917,3.215e-18,22
74.931,3.2149e-18,22.333
74.944,3.2149e-18,22.667
74.958,3.2148e-18,23
74.972,3.2146e-18,23.333
74.986,3.2145e-18,23.667
75,3.2143e-18,0
75.014,3.2141e-18,0.33333
75.028,3.2139e-18,0.66667
75.042,3.2136e-18,1
75.056,3.2132e-18,1.3333
75.069,3.2129e-18,1.6667
75.083,3.2124e-18,2
75.097,3.2119e-18,2.3333
75.111,3.2114e-18,2.6667
75.125,3.2109e-18,3
75.139,3.2104e-18,3.3333
75.153,3.2098e-18,3.6667
75.167,3.2093e-18,4
75.181,3.2089e-18,4.3333
75.194,3.2084e-18,4.6667
75.208,3.2081e-18,5
75.222,3.2077e-18,5.3333
75.236,3.2075e-18,5.6667
75.25,3.2073e-18,6
75.264,3.2071e-18,6.3333
75.278,3.207e-18,6.6667
75.292,3.2069e-18,7
75.306,3.2069e-18,7.3333
75.319,3.2069e-18,7.6667
75.333,3.2069e-18,8
75.347,3.207e-18,8.3333
75.361,3.2071e-18,8.6667
75.375,3.2073e-18,9
75.389,3.2075e-18,9.3333
75.403,3.2078e-18,9.6667
75.417,3.2081e-18,10
75.431,3.2085e-18,10.333
75.444,3.209e-18,10.667
75.458,3.2095e-18,11
75.472,3.21e-18,11.333
75.486,3.2104e-18,11.667
75.5,3.2109e-18,12
75.514,3.2113e-18,12.333
75.528,3.2116e-18,12.667
75.542,3.2119e-18,13
75.556,3.2121e-18,13.333
75.569,3.2122e-18,13.667
75.583,3.2123e-18,14
75.597,3.2123e-18,14.333
75.611,3.2123e-18,14.667
75.625,3.2123e-18,15
75.639,3.2122e-18,15.333
75.653,3.2122e-18,15.667
75.667,3.2121e-18,16
75.681,3.212e-18,16.333
75.694,3.2119e-18,16.667
75.708,3.2118e-18,17
75.722,3.2117e-18,17.333
75.736,3.2117e-18,17.667
75.75,3.2116e-18,18
75.764,3.2116e-18,18.333
75.778,3.2116e-18,18.667
75.792,3.2116e-18,19
75.806,3.2116e-18,19.333
75.819,3.2117e-18,19.667
75.833,3.2117e-18,20
75.847,3.2118e-18,20.333
75.861,3.2118e-18,20.667
75.875,3.2118e-18,21
75.889,3.2118e-18,21.333
75.903,3.2117e-18,21.667
75.917,3.2117e-18,22
75.931,3.2116e-18,22.333
75.944,3.2115e-18,22.667
75.958,3.2114e-18,23
75.972,3.2113e-18,23.333
75.986,3.2112e-18,23.667
76,3.211e-18,0
76.014,3.2108e-18,0.33333
76.028,3.2106e-18,0.66667
76.042,3.2103e-18,1
76.056,3.21e-18,1.3333
76.069,3.2096e-18,1.6667
76.083,3.2092e-18,2
76.097,3.2087e-18,2.3333
76.111,3.2082e-18,2.6667
76.125,3.2077e-18,3
76.139,3.2072e-18,3.3333
76.153,3.2067e-18,3.6667
76.167,3.2062e-18,4
76.181,3.2057e-18,4.3333
76.194,3.2053e-18,4.6667
76.208,3.2049e-18,5
76.222,3.2046e-18,5.3333
76.236,3.2044e-18,5.6667
76.25,3.2042e-18,6
76.264,3.204e-18,6.3333
76.278,3.2039e-18,6.6667
76.292,3.2038e-18,7
76.306,3.2038e-18,7.3333
76.319,3.2038e-18,7.6667
76.333,3.2038e-18,8
76.347,3.2039e-18,8.3333
76.361,3.204e-18,8.6667
76.375,3.2042e-18,9
76.389,3.2044e-18,9.3333
76.403,3.2047e-18,9.6667
76.417,3.205e-18,10
76.431,3.2054e-18,10.333
76.444,3.2059e-18,10.667
76.458,3.2064e-18,11
76.472,3.2069e-18,11.333
76.486,3.2074e-18,11.667
76.5,3.2078e-18,12
76.514,3.2082e-18,12.333
76.528,3.2085e-18,12.667
76.542,3.2088e-18,13
76.556,3.209e-18,13.333
76.569,3.2091e-18,13.667
76.583,3.2092e-18,14
76.597,3.2092e-18,14.333
76.611,3.2092e-18,14.667
76.625,3.2092e-18,15
76.639,3.2091e-18,15.333
76.653,3.2091e-18,15.667
76.667,3.209e-18,16
76.681,3.2089e-18,16.333
76.694,3.2088e-18,16.667
76.708,3.2087e-18,17
76.722,3.2086e-18,17.333
76.736,3.2086e-18,17.667
76.75,3.2085e-18,18
76.764,3.2085e-18,18.333
76.778,3.2085e-18,18.667
76.792,3.2086e-18,19
76.806,3.2086e-18,19.333
76.819,3.2086e-18,19.667
76.833,3.2087e-18,20
76.847,3.2087e-18,20.333
76.861,3.2088e-18,20.667
76.875,3.2088e-18,21
76.889,3.2088e-18,21.333
76.903,3.2087e-18,21.667
76.917,3.2087e-18,22
76.931,3.2086e-18,22.333
76.944,3.2085e-18,22.667
76.958,3.2084e-18,23
76.972,3.2083e-18,23.333
76.986,3.2082e-18,23.667
77,3.208e-18,0
77.014,3.2078e-18,0.33333
77.028,3.2076e-18,0.66667
77.042,3.2074e-18,1
77.056,3.2071e-18,1.3333
77.069,3.2067e-18,1.6667
77.083,3.2063e-18,2
77.097,3.2058e-18,2.3333
77.111,3.2054e-18,2.6667
77.125,3.2049e-18,3
77.139,3.2044e-18,3.3333
77.153,3.2039e-18,3.6667
77.167,3.2034e-18,4
77.181,3.2029e-18,4.3333
77.194,3.2025e-18,4.6667
77.208,3.2022e-18,5
77.222,3.2019e-18,5.3333
77.236,3.2016e-18,5.6667
77.25,3.2014e-18,6
77.264,3.2013e-18,6.3333
77.278,3.2012e-18,6.6667
77.292,3.2011e-18,7
77.306,3.2011e-18,7.3333
77.319,3.201e-18,7.6667
77.333,3.2011e-18,8
77.347,3.2011e-18,8.3333
77.361,3.2013e-18,8.6667
77.375,3.2014e-18,9
77.389,3.2017e-18,9.3333
77.403,3.2019e-18,9.6667
77.417,3.2023e-18,10
77.431,3.2027e-18,10.333
77.444,3.2032e-18,10.667
77.458,3.2036e-18,11
77.472,3.2041e-18,11.333
77.486,3.2046e-18,11.667
77.5,3.205e-18,12
77.514,3.2054e-18,12.333
77.528,3.2057e-18,12.667
77.542,3.206e-18,13
77.556,3.2062e-18,13.333
77.569,3.2063e-18,13.667
77.583,3.2064e-18,14
77.597,3.2064e-18,14.333
77.611,3.2064e-18,14.667
77.625,3.2064e-18,15
77.639,3.2063e-18,15.333
77.653,3.2063e-18,15.667
77.667,3.2062e-18,16
77.681,3.2061e-18,16.333
77.694,3.206e-18,16.667
77.708,3.2059e-18,17
77.722,3.2059e-18,17.333
77.736,3.2058e-18,17.667
77.75,3.2058e-18,18
77.764,3.2058e-18,18.333
77.778,3.2058e-18,18.667
77.792,3.2058e-18,19
77.806,3.2058e-18,19.333
77.819,3.2059e-18,19.667
77.833,3.206e-18,20
77.847,3.206e-18,20.333
77.861,3.206e-18,20.667
77.875,3.206e-18,21
77.889,3.206e-18,21.333
77.903,3.206e-18,21.667
77.917,3.2059e-18,22
77.931,3.2058e-18,22.333
77.944,3.2058e-18,22.667
77.958,3.2057e-18,23
77.972,3.2056e-18,23.333
77.986,3.2055e-18,23.667
78,3.2053e-18,0
78.014,3.2051e-18,0.33333
78.028,3.2049e-18,0.66667
78.042,3.2047e-18,1
78.056,3.2044e-18,1.3333
78.069,3.2041e-18,1.6667
78.083,3.2037e-18,2
78.097,3.2032e-18,2.3333
78.111,3.2028e-18,2.6667
78.125,3.2023e-18,3
78.139,3.2018e-18,3.3333
78.153,3.2014e-18,3.6667
78.167,3.2009e-18,4
78.181,3.2005e-18,4.3333
78.194,3.2001e-18,4.6667
78.208,3.1997e-18,5
78.222,3.1994e-18,5.3333
78.236,3.1992e-18,5.6667
78.25,3.199e-18,6
78.264,3.1988e-18,6.3333
78.278,3.1987e-18,6.6667
78.292,3.1987e-18,7
78.306,3.1986e-18,7.3333
78.319,3.1986e-18,7.6667
78.333,3.1986e-18,8
78.347,3.1987e-18,8.3333
78.361,3.1988e-18,8.6667
78.375,3.199e-18,9
78.389,3.1992e-18,9.3333
78.403,3.1995e-18,9.6667
78.417,3.1998e-18,10
78.431,3.2003e-18,10.333
78.444,3.2007e-18,10.667
78.458,3.2012e-18,11
78.472,3.2017e-18,11.333
78.486,3.2021e-18,11.667
78.5,3.2026e-18,12
78.514,3.2029e-18,12.333
78.528,3.2032e-18,12.667
78.542,3.2035e-18,13
78.556,3.2037e-18,13.333
78.569,3.2038e-18,13.667
78.583,3.2038e-18,14
78.597,3.2039e-18,14.333
78.611,3.2039e-18,14.667
78.625,3.2039e-18,15
78.639,3.2038e-18,15.333
78.653,3.2038e-18,15.667
78.667,3.2037e-18,16
78.681,3.2036e-18,16.333
78.694,3.2035e-18,16.667
78.708,3.2034e-18,17
78.722,3.2033e-18,17.333
78.736,3.2033e-18,17.667
78.75,3.2033e-18,18
78.764,3.2033e-18,18.333
78.778,3.2033e-18,18.667
78.792,3.2033e-18,19
78.806,3.2033e-18,19.333
78.819,3.2034e-18,19.667
78.833,3.2035e-18,20
78.847,3.2035e-18,20.333
78.861,3.2035e-18,20.667
78.875,3.2036e-18,21
78.889,3.2035e-18,21.333
78.903,3.2035e-18,21.667
78.917,3.2034e-18,22
78.931,3.2034e-18,22.333
78.944,3.2033e-18,22.667
78.958,3.2032e-18,23
78.972,3.2031e-18,23.333
78.986,3.203e-18,23.667
79,3.2029e-18,0
79.014,3.2027e-18,0.33333
79.028,3.2025e-18,0.66667
79.042,3.2023e-18,1
79.056,3.202e-18,1.3333
79.069,3.2017e-18,1.6667
79.083,3.2013e-18,2
79.097,3.2009e-18,2.3333
79.111,3.2005e-18,2.6667
79.125,3.2e-18,3
79.139,3.1996e-18,3.3333
79.153,3.1991e-18,3.6667
79.167,3.1987e-18,4
79.181,3.1982e-18,4.3333
79.194,3.1979e-18,4.6667
79.208,3.1975e-18,5
79.222,3.1972e-18,5.3333
79.236,3.197e-18,5.6667
79.25,3.1968e-18,6
79.264,3.1967e-18,6.3333
79.278,3.1966e-18,6.6667
79.292,3.1965e-18,7
79.306,3.1964e-18,7.3333
79.319,3.1964e-18,7.6667
79.333,3.1965e-18,8
79.347,3.1965e-18,8.3333
79.361,3.1967e-18,8.6667
79.375,3.1968e-18,9
79.389,3.197e-18,9.3333
79.403,3.1973e-18,9.6667
79.417,3.1977e-18,10
79.431,3.1981e-18,10.333
79.444,3.1985e-18,10.667
79.458,3.199e-18,11
79.472,3.1995e-18,11.333
79.486,3.1999e-18,11.667
79.5,3.2004e-18,12
79.514,3.2007e-18,12.333
79.528,3.201e-18,12.667
79.542,3.2012e-18,13
79.556,3.2014e-18,13.333
79.569,3.2015e-18,13.667
79.583,3.2016e-18,14
79.597,3.2016e-18,14.333
79.611,3.2016e-18,14.667
79.625,3.2016e-18,15
79.639,3.2015e-18,15.333
79.653,3.2015e-18,15.667
79.667,3.2014e-18,16
79.681,3.2013e-18,16.333
79.694,3.2012e-18,16.667
79.708,3.2011e-18,17
79.722,3.2011e-18,17.333
79.736,3.201e-18,17.667
79.75,3.201e-18,18
79.764,3.201e-18,18.333
79.778,3.201e-18,18.667
79.792,3.201e-18,19
79.806,3.2011e-18,19.333
79.819,3.2012e-18,19.667
79.833,3.2012e-18,20
79.847,3.2013e-18,20.333
79.861,3.2013e-18,20.667
79.875,3.2013e-18,21
79.889,3.2013e-18,21.333
79.903,3.2013e-18,21.667
79.917,3.2012e-18,22
79.931,3.2011e-18,22.333
79.944,3.2011e-18,22.667
79.958,3.201e-18,23
79.972,3.2009e-18,23.333
79.986,3.2008e-18,23.667
80,3.2006e-18,0
80.014,3.1878e-18,0.33333
80.028,3.1801e-18,0.66667
80.042,3.1735e-18,1
80.056,3.167e-18,1.3333
80.069,3.1605e-18,1.6667
80.083,3.154e-18,2
80.097,3.1479e-18,2.3333
80.111,3.1423e-18,2.6667
80.125,3.1369e-18,3
80.139,3.1319e-18,3.3333
80.153,3.1271e-18,3.6667
80.167,3.1227e-18,4
80.181,3.1186e-18,4.3333
80.194,3.1147e-18,4.6667
80.208,3.1111e-18,5
80.222,3.1076e-18,5.3333
80.236,3.1043e-18,5.6667
80.25,3.1011e-18,6
80.264,3.0981e-18,6.3333
80.278,3.0953e-18,6.6667
80.292,3.0925e-18,7
80.306,3.0899e-18,7.3333
80.319,3.0873e-18,7.6667
80.333,3.0848e-18,8
80.347,3.0824e-18,8.3333
80.361,3.08e-18,8.6667
80.375,3.0777e-18,9
80.389,3.0754e-18,9.3333
80.403,3.0732e-18,9.6667
80.417,3.0711e-18,10
80.431,3.0691e-18,10.333
80.444,3.0672e-18,10.667
80.458,3.0654e-18,11
80.472,3.0637e-18,11.333
80.486,3.0621e-18,11.667
80.5,3.0606e-18,12
80.514,3.059e-18,12.333
80.528,3.0574e-18,12.667
80.542,3.0557e-18,13
80.556,3.054e-18,13.333
80.569,3.0521e-18,13.667
80.583,3.0502e-18,14
80.597,3.0481e-18,14.333
80.611,3.0459e-18,14.667
80.625,3.0436e-18,15
80.639,3.0411e-18,15.333
80.653,3.0386e-18,15.667
80.667,3.036e-18,16
80.681,3.0333e-18,16.333
80.694,3.0307e-18,16.667
80.708,3.028e-18,17
80.722,3.0255e-18,17.333
80.736,3.023e-18,17.667
80.75,3.0206e-18,18
80.764,3.0183e-18,18.333
80.778,3.0163e-18,18.667
80.792,3.0143e-18,19
80.806,3.0126e-18,19.333
80.819,3.0109e-18,19.667
80.833,3.0095e-18,20
80.847,3.0083e-18,20.333
80.861,3.0072e-18,20.667
80.875,3.0062e-18,21
80.889,3.0053e-18,21.333
80.903,3.0046e-18,21.667
80.917,3.0039e-18,22
80.931,3.0032e-18,22.333
80.944,3.0026e-18,22.667
80.958,3.002e-18,23
80.972,3.0014e-18,23.333
80.986,3.0007e-18,23.667
81,2.9999e-18,0
81.014,2.9991e-18,0.33333
81.028,2.9981e-18,0.66667
81.042,2.997e-18,1
81.056,2.9958e-18,1.3333
81.069,2.9944e-18,1.6667
81.083,2.9929e-18,2
81.097,2.9914e-18,2.3333
81.111,2.9898e-18,2.6667
81.125,2.9881e-18,3
81.139,2.9865e-18,3.3333
81.153,2.9849e-18,3.6667
81.167,2.9833e-18,4
81.181,2.9818e-18,4.3333
81.194,2.9805e-18,4.6667
81.208,2.9792e-18,5
81.222,2.9781e-18,5.3333
81.236,2.977e-18,5.6667
81.25,2.9761e-18,6
81.264,2.9754e-18,6.3333
81.278,2.9747e-18,6.6667
81.292,2.9742e-18,7
81.306,2.9737e-18,7.3333
81.319,2.9734e-18,7.6667
81.333,2.9731e-18,8
81.347,2.9729e-18,8.3333
81.361,2.9728e-18,8.6667
81.375,2.9728e-18,9
81.389,2.9729e-18,9.3333
81.403,2.9731e-18,9.6667
81.417,2.9733e-18,10
81.431,2.9736e-18,10.333
81.444,2.974e-18,10.667
81.458,2.9744e-18,11
81.472,2.9748e-18,11.333
81.486,2.9751e-18,11.667
81.5,2.9754e-18,12
81.514,2.9757e-18,12.333
81.528,2.9758e-18,12.667
81.542,2.9757e-18,13
81.556,2.9756e-18,13.333
81.569,2.9753e-18,13.667
81.583,2.9749e-18,14
81.597,2.9743e-18,14.333
81.611,2.9736e-18,14.667
81.625,2.9728e-18,15
81.639,2.9718e-18,15.333
81.653,2.9708e-18,15.667
81.667,2.9696e-18,16
81.681,2.9684e-18,16.333
81.694,2.9672e-18,16.667
81.708,2.966e-18,17
81.722,2.9649e-18,17.333
81.736,2.9638e-18,17.667
81.75,2.9628e-18,18
81.764,2.9619e-18,18.333
81.778,2.9611e-18,18.667
81.792,2.9605e-18,19
81.806,2.96e-18,19.333
81.819,2.9596e-18,19.667
81.833,2.9593e-18,20
81.847,2.9592e-18,20.333
81.861,2.9592e-18,20.667
81.875,2.9593e-18,21
81.889,2.9595e-18,21.333
81.903,2.9598e-18,21.667
81.917,2.9601e-18,22
81.931,2.9604e-18,22.333
81.944,2.9607e-18,22.667
81.958,2.961e-18,23
81.972,2.9613e-18,23.333
81.986,2.9615e-18,23.667
82,2.9616e-18,0
82.014,2.9617e-18,0.33333
82.028,2.9615e-18,0.66667
82.042,2.9613e-18,1
82.056,2.9609e-18,1.3333
82.069,2.9604e-18,1.6667
82.083,2.9598e-18,2
82.097,2.9592e-18,2.3333
82.111,2.9584e-18,2.6667
82.125,2.9576e-18,3
82.139,2.9568e-18,3.3333
82.153,2.956e-18,3.6667
82.167,2.9553e-18,4
82.181,2.9546e-18,4.3333
82.194,2.954e-18,4.6667
82.208,2.9535e-18,5
82.222,2.9531e-18,5.3333
82.236,2.9528e-18,5.6667
82.25,2.9526e-18,6
82.264,2.9526e-18,6.3333
82.278,2.9526e-18,6.6667
82.292,2.9528e-18,7
82.306,2.953e-18,7.3333
82.319,2.9533e-18,7.6667
82.333,2.9538e-18,8
82.347,2.9543e-18,8.3333
82.361,2.9548e-18,8.6667
82.375,2.9555e-18,9
82.389,2.9562e-18,9.3333
82.403,2.957e-18,9.6667
82.417,2.9579e-18,10
82.431,2.9588e-18,10.333
82.444,2.9598e-18,10.667
82.458,2.9607e-18,11
82.472,2.9617e-18,11.333
82.486,2.9626e-18,11.667
82.5,2.9634e-18,12
82.514,2.9641e-18,12.333
82.528,2.9647e-18,12.667
82.542,2.9652e-18,13
82.556,2.9655e-18,13.333
82.569,2.9657e-18,13.667
82.583,2.9657e-18,14
82.597,2.9656e-18,14.333
82.611,2.9653e-18,14.667
82.625,2.9649e-18,15
82.639,2.9643e-18,15.333
82.653,2.9637e-18,15.667
82.667,2.9629e-18,16
82.681,2.9621e-18,16.333
82.694,2.9612e-18,16.667
82.708,2.9604e-18,17
82.722,2.9595e-18,17.333
82.736,2.9587e-18,17.667
82.75,2.958e-18,18
82.764,2.9574e-18,18.333
82.778,2.9569e-18,18.667
82.792,2.9565e-18,19
82.806,2.9563e-18,19.333
82.819,2.9561e-18,19.667
82.833,2.9561e-18,20
82.847,2.9562e-18,20.333
82.861,2.9564e-18,20.667
82.875,2.9568e-18,21
82.889,2.9572e-18,21.333
82.903,2.9576e-18,21.667
82.917,2.9581e-18,22
82.931,2.9586e-18,22.333
82.944,2.9591e-18,22.667
82.958,2.9596e-18,23
82.972,2.96e-18,23.333
82.986,2.9604e-18,23.667
83,2.9607e-18,0
83.014,2.9608e-18,0.33333
83.028,2.9609e-18,0.66667
83.042,2.9608e-18,1
83.056,2.9605e-18,1.3333
83.069,2.9601e-18,1.6667
83.083,2.9596e-18,2
83.097,2.959e-18,2.3333
83.111,2.9584e-18,2.6667
83.125,2.9577e-18,3
83.139,2.957e-18,3.3333
83.153,2.9563e-18,3.6667
83.167,2.9557e-18,4
83.181,2.9551e-18,4.3333
83.194,2.9546e-18,4.6667
83.208,2.9541e-18,5
83.222,2.9538e-18,5.3333
83.236,2.9536e-18,5.6667
83.25,2.9535e-18,6
83.264,2.9535e-18,6.3333
83.278,2.9536e-18,6.6667
83.292,2.9538e-18,7
83.306,2.9542e-18,7.3333
83.319,2.9546e-18,7.6667
83.333,2.9551e-18,8
83.347,2.9557e-18,8.3333
83.361,2.9563e-18,8.6667
83.375,2.9571e-18,9
83.389,2.9579e-18,9.3333
83.403,2.9588e-18,9.6667
83.417,2.9597e-18,10
83.431,2.9607e-18,10.333
83.444,2.9618e-18,10.667
83.458,2.9628e-18,11
83.472,2.9639e-18,11.333
83.486,2.9649e-18,11.667
83.5,2.9658e-18,12
83.514,2.9667e-18,12.333
83.528,2.9674e-18,12.667
83.542,2.968e-18,13
83.556,2.9685e-18,13.333
83.569,2.9688e-18,13.667
83.583,2.9689e-18,14
83.597,2.9689e-18,14.333
83.611,2.9687e-18,14.667
83.625,2.9684e-18,15
83.639,2.9679e-18,15.333
83.653,2.9673e-18,15.667
83.667,2.9667e-18,16
83.681,2.9659e-18,16.333
83.694,2.9651e-18,16.667
83.708,2.9643e-18,17
83.722,2.9635e-18,17.333
83.736,2.9627e-18,17.667
83.75,2.9621e-18,18
83.764,2.9615e-18,18.333
83.778,2.961e-18,18.667
83.792,2.9606e-18,19
83.806,2.9604e-18,19.333
83.819,2.9603e-18,19.667
83.833,2.9603e-18,20
83.847,2.9604e-18,20.333
83.861,2.9606e-18,20.667
83.875,2.961e-18,21
83.889,2.9614e-18,21.333
83.903,2.9619e-18,21.667
83.917,2.9624e-18,22
83.931,2.963e-18,22.333
83.944,2.9635e-18,22.667
83.958,2.9641e-18,23
83.972,2.9645e-18,23.333
83.986,2.965e-18,23.667
84,2.9653e-18,0
84.014,2.9655e-18,0.33333
84.028,2.9655e-18,0.66667
84.042,2.9654e-18,1
84.056,2.9652e-18,1.3333
84.069,2.9648e-18,1.6667
84.083,2.9644e-18,2
84.097,2.9638e-18,2.3333
84.111,2.9632e-18,2.6667
84.125,2.9625e-18,3
84.139,2.9618e-18,3.3333
84.153,2.9611e-18,3.6667
84.167,2.9604e-18,4
84.181,2.9598e-18,4.3333
84.194,2.9593e-18,4.6667
84.208,2.9588e-18,5
84.222,2.9585e-18,5.3333
84.236,2.9582e-18,5.6667
84.25,2.9581e-18,6
84.264,2.9581e-18,6.3333
84.278,2.9582e-18,6.6667
84.292,2.9584e-18,7
84.306,2.9587e-18,7.3333
84.319,2.9592e-18,7.6667
84.333,2.9597e-18,8
84.347,2.9603e-18,8.3333
84.361,2.9609e-18,8.6667
84.375,2.9616e-18,9
84.389,2.9624e-18,9.3333
84.403,2.9633e-18,9.6667
84.417,2.9642e-18,10
84.431,2.9652e-18,10.333
84.444,2.9662e-18,10.667
84.458,2.9672e-18,11
84.472,2.9683e-18,11.333
84.486,2.9693e-18,11.667
84.5,2.9702e-18,12
84.514,2.9711e-18,12.333
84.528,2.9719e-18,12.667
84.542,2.9725e-18,13
84.556,2.9729e-18,13.333
84.569,2.9732e-18,13.667
84.583,2.9734e-18,14
84.597,2.9734e-18,14.333
84.611,2.9732e-18,14.667
84.625,2.9729e-18,15
84.639,2.9725e-18,15.333
84.653,2.9719e-18,15.667
84.667,2.9712e-18,16
84.681,2.9705e-18,16.333
84.694,2.9697e-18,16.667
84.708,2.9689e-18,17
84.722,2.968e-18,17.333
84.736,2.9673e-18,17.667
84.75,2.9666e-18,18
84.764,2.966e-18,18.333
84.778,2.9655e-18,18.667
84.792,2.9651e-18,19
84.806,2.9648e-18,19.333
84.819,2.9646e-18,19.667
84.833,2.9646e-18,20
84.847,2.9647e-18,20.333
84.861,2.965e-18,20.667
84.875,2.9653e-18,21
84.889,2.9657e-18,21.333
84.903,2.9662e-18,21.667
84.917,2.9667e-18,22
84.931,2.9672e-18,22.333
84.944,2.9678e-18,22.667
84.958,2.9683e-18,23
84.972,2.9688e-18,23.333
84.986,2.9692e-18,23.667
85,2.9696e-18,0
85.014,2.9698e-18,0.33333
85.028,2.9699e-18,0.66667
85.042,2.9698e-18,1
85.056,2.9696e-18,1.3333
85.069,2.9692e-18,1.6667
85.083,2.9688e-18,2
85.097,2.9682e-18,2.3333
85.111,2.9676e-18,2.6667
85.125,2.9669e-18,3
85.139,2.9662e-18,3.3333
85.153,2.9655e-18,3.6667
85.167,2.9648e-18,4
85.181,2.9642e-18,4.3333
85.194,2.9636e-18,4.6667
85.208,2.9631e-18,5
85.222,2.9628e-18,5.3333
85.236,2.9625e-18,5.6667
85.25,2.9624e-18,6
85.264,2.9623e-18,6.3333
85.278,2.9624e-18,6.6667
85.292,2.9626e-18,7
85.306,2.9629e-18,7.3333
85.319,2.9633e-18,7.6667
85.333,2.9638e-18,8
85.347,2.9643e-18,8.3333
85.361,2.965e-18,8.6667
85.375,2.9657e-18,9
85.389,2.9664e-18,9.3333
85.403,2.9673e-18,9.6667
85.417,2.9682e-18,10
85.431,2.9691e-18,10.333
85.444,2.9701e-18,10.667
85.458,2.9712e-18,11
85.472,2.9722e-18,11.333
85.486,2.9732e-18,11.667
85.5,2.9741e-18,12
85.514,2.975e-18,12.333
85.528,2.9757e-18,12.667
85.542,2.9763e-18,13
85.556,2.9768e-18,13.333
85.569,2.9771e-18,13.667
85.583,2.9772e-18,14
85.597,2.9772e-18,14.333
85.611,2.9771e-18,14.667
85.625,2.9768e-18,15
85.639,2.9763e-18,15.333
85.653,2.9757e-18,15.667
85.667,2.9751e-18,16
85.681,2.9743e-18,16.333
85.694,2.9735e-18,16.667
85.708,2.9727e-18,17
85.722,2.9718e-18,17.333
85.736,2.9711e-18,17.667
85.75,2.9704e-18,18
85.764,2.9697e-18,18.333
85.778,2.9692e-18,18.667
85.792,2.9688e-18,19
85.806,2.9685e-18,19.333
85.819,2.9683e-18,19.667
85.833,2.9683e-18,20
85.847,2.9684e-18,20.333
85.861,2.9686e-18,20.667
85.875,2.9689e-18,21
85.889,2.9693e-18,21.333
85.903,2.9697e-18,21.667
85.917,2.9702e-18,22
85.931,2.9708e-18,22.333
85.944,2.9713e-18,22.667
85.958,2.9719e-18,23
85.972,2.9723e-18,23.333
85.986,2.9728e-18,23.667
86,2.9731e-18,0
86.014,2.9733e-18,0.33333
86.028,2.9734e-18,0.66667
86.042,2.9733e-18,1
86.056,2.9731e-18,1.3333
86.069,2.9728e-18,1.6667
86.083,2.9723e-18,2
86.097,2.9718e-18,2.3333
86.111,2.9711e-18,2.6667
86.125,2.9704e-18,3
86.139,2.9697e-18,3.3333
86.153,2.969e-18,3.6667
86.167,2.9684e-18,4
86.181,2.9677e-18,4.3333
86.194,2.9672e-18,4.6667
86.208,2.9667e-18,5
86.222,2.9663e-18,5.3333
86.236,2.966e-18,5.6667
86.25,2.9658e-18,6
86.264,2.9658e-18,6.3333
86.278,2.9658e-18,6.6667
86.292,2.966e-18,7
86.306,2.9663e-18,7.3333
86.319,2.9666e-18,7.6667
86.333,2.9671e-18,8
86.347,2.9676e-18,8.3333
86.361,2.9682e-18,8.6667
86.375,2.9689e-18,9
86.389,2.9697e-18,9.3333
86.403,2.9705e-18,9.6667
86.417,2.9714e-18,10
86.431,2.9723e-18,10.333
86.444,2.9733e-18,10.667
86.458,2.9743e-18,11
86.472,2.9753e-18,11.333
86.486,2.9763e-18,11.667
86.5,2.9772e-18,12
86.514,2.9781e-18,12.333
86.528,2.9788e-18,12.667
86.542,2.9794e-18,13
86.556,2.9798e-18,13.333
86.569,2.9801e-18,13.667
86.583,2.9803e-18,14
86.597,2.9802e-18,14.333
86.611,2.9801e-18,14.667
86.625,2.9798e-18,15
86.639,2.9793e-18,15.333
86.653,2.9787e-18,15.667
86.667,2.978e-18,16
86.681,2.9773e-18,16.333
86.694,2.9764e-18,16.667
86.708,2.9756e-18,17
86.722,2.9748e-18,17.333
86.736,2.974e-18,17.667
86.75,2.9733e-18,18
86.764,2.9727e-18,18.333
86.778,2.9721e-18,18.667
86.792,2.9717e-18,19
86.806,2.9714e-18,19.333
86.819,2.9712e-18,19.667
86.833,2.9712e-18,20
86.847,2.9712e-18,20.333
86.861,2.9714e-18,20.667
86.875,2.9717e-18,21
86.889,2.9721e-18,21.333
86.903,2.9726e-18,21.667
86.917,2.9731e-18,22
86.931,2.9736e-18,22.333
86.944,2.9741e-18,22.667
86.958,2.9747e-18,23
86.972,2.9752e-18,23.333
86.986,2.9756e-18,23.667
87,2.9759e-18,0
87.014,2.9761e-18,0.33333
87.028,2.9762e-18,0.66667
87.042,2.9761e-18,1
87.056,2.9759e-18,1.3333
87.069,2.9756e-18,1.6667
87.083,2.9751e-18,2
87.097,2.9746e-18,2.3333
87.111,2.974e-18,2.6667
87.125,2.9733e-18,3
87.139,2.9726e-18,3.3333
87.153,2.9719e-18,3.6667
87.167,2.9712e-18,4
87.181,2.9706e-18,4.3333
87.194,2.97e-18,4.6667
87.208,2.9695e-18,5
87.222,2.9691e-18,5.3333
87.236,2.9688e-18,5.6667
87.25,2.9686e-18,6
87.264,2.9685e-18,6.3333
87.278,2.9686e-18,6.6667
87.292,2.9687e-18,7
87.306,2.969e-18,7.3333
87.319,2.9693e-18,7.6667
87.333,2.9698e-18,8
87.347,2.9703e-18,8.3333
87.361,2.9709e-18,8.6667
87.375,2.9716e-18,9
87.389,2.9723e-18,9.3333
87.403,2.9731e-18,9.6667
87.417,2.974e-18,10
87.431,2.9749e-18,10.333
87.444,2.9758e-18,10.667
87.458,2.9768e-18,11
87.472,2.9778e-18,11.333
87.486,2.9788e-18,11.667
87.5,2.9797e-18,12
87.514,2.9805e-18,12.333
87.528,2.9812e-18,12.667
87.542,2.9818e-18,13
87.556,2.9823e-18,13.333
87.569,2.9825e-18,13.667
87.583,2.9827e-18,14
87.597,2.9826e-18,14.333
87.611,2.9824e-18,14.667
87.625,2.9821e-18,15
87.639,2.9816e-18,15.333
87.653,2.981e-18,15.667
87.667,2.9804e-18,16
87.681,2.9796e-18,16.333
87.694,2.9787e-18,16.667
87.708,2.9779e-18,17
87.722,2.9771e-18,17.333
87.736,2.9763e-18,17.667
87.75,2.9756e-18,18
87.764,2.9749e-18,18.333
87.778,2.9744e-18,18.667
87.792,2.974e-18,19
87.806,2.9737e-18,19.333
87.819,2.9735e-18,19.667
87.833,2.9734e-18,20
87.847,2.9735e-18,20.333
87.861,2.9737e-18,20.667
87.875,2.9739e-18,21
87.889,2.9743e-18,21.333
87.903,2.9748e-18,21.667
87.917,2.9753e-18,22
87.931,2.9758e-18,22.333
87.944,2.9763e-18,22.667
87.958,2.9769e-18,23
87.972,2.9773e-18,23.333
87.986,2.9778e-18,23.667
88,2.9781e-18,0
88.014,2.9783e-18,0.33333
88.028,2.9784e-18,0.66667
88.042,2.9784e-18,1
88.056,2.9782e-18,1.3333
88.069,2.9778e-18,1.6667
88.083,2.9774e-18,2
88.097,2.9768e-18,2.3333
88.111,2.9762e-18,2.6667
88.125,2.9756e-18,3
88.139,2.9749e-18,3.3333
88.153,2.9742e-18,3.6667
88.167,2.9735e-18,4
88.181,2.9729e-18,4.3333
88.194,2.9723e-18,4.6667
88.208,2.9718e-18,5
88.222,2.9714e-18,5.3333
88.236,2.9711e-18,5.6667
88.25,2.9709e-18,6
88.264,2.9708e-18,6.3333
88.278,2.9708e-18,6.6667
88.292,2.971e-18,7
88.306,2.9712e-18,7.3333
88.319,2.9715e-18,7.6667
88.333,2.972e-18,8
88.347,2.9725e-18,8.3333
88.361,2.9731e-18,8.6667
88.375,2.9737e-18,9
88.389,2.9744e-18,9.3333
88.403,2.9752e-18,9.6667
88.417,2.9761e-18,10
88.431,2.977e-18,10.333
88.444,2.9779e-18,10.667
88.458,2.9789e-18,11
88.472,2.9799e-18,11.333
88.486,2.9808e-18,11.667
88.5,2.9817e-18,12
88.514,2.9825e-18,12.333
88.528,2.9832e-18,12.667
88.542,2.9838e-18,13
88.556,2.9842e-18,13.333
88.569,2.9845e-18,13.667
88.583,2.9846e-18,14
88.597,2.9846e-18,14.333
88.611,2.9844e-18,14.667
88.625,2.984e-18,15
88.639,2.9835e-18,15.333
88.653,2.9829e-18,15.667
88.667,2.9822e-18,16
88.681,2.9814e-18,16.333
88.694,2.9806e-18,16.667
88.708,2.9798e-18,17
88.722,2.9789e-18,17.333
88.736,2.9781e-18,17.667
88.75,2.9774e-18,18
88.764,2.9768e-18,18.333
88.778,2.9762e-18,18.667
88.792,2.9758e-18,19
88.806,2.9755e-18,19.333
88.819,2.9753e-18,19.667
88.833,2.9752e-18,20
88.847,2.9753e-18,20.333
88.861,2.9755e-18,20.667
88.875,2.9758e-18,21
88.889,2.9761e-18,21.333
88.903,2.9766e-18,21.667
88.917,2.9771e-18,22
88.931,2.9776e-18,22.333
88.944,2.9781e-18,22.667
88.958,2.9786e-18,23
88.972,2.9791e-18,23.333
88.986,2.9796e-18,23.667
89,2.9799e-18,0
89.014,2.9801e-18,0.33333
89.028,2.9802e-18,0.66667
89.042,2.9802e-18,1
89.056,2.98e-18,1.3333
89.069,2.9796e-18,1.6667
89.083,2.9792e-18,2
89.097,2.9787e-18,2.3333
89.111,2.9781e-18,2.6667
89.125,2.9774e-18,3
89.139,2.9767e-18,3.3333
89.153,2.9761e-18,3.6667
89.167,2.9754e-18,4
89.181,2.9748e-18,4.3333
89.194,2.9742e-18,4.6667
89.208,2.9737e-18,5
89.222,2.9733e-18,5.3333
89.236,2.973e-18,5.6667
89.25,2.9728e-18,6
89.264,2.9727e-18,6.3333
89.278,2.9727e-18,6.6667
89.292,2.9728e-18,7
89.306,2.973e-18,7.3333
89.319,2.9734e-18,7.6667
89.333,2.9738e-18,8
89.347,2.9743e-18,8.3333
89.361,2.9749e-18,8.6667
89.375,2.9755e-18,9
89.389,2.9762e-18,9.3333
89.403,2.977e-18,9.6667
89.417,2.9778e-18,10
89.431,2.9787e-18,10.333
89.444,2.9797e-18,10.667
89.458,2.9806e-18,11
89.472,2.9816e-18,11.333
89.486,2.9825e-18,11.667
89.5,2.9834e-18,12
89.514,2.9842e-18,12.333
89.528,2.9849e-18,12.667
89.542,2.9854e-18,13
89.556,2.9859e-18,13.333
89.569,2.9861e-18,13.667
89.583,2.9862e-18,14
89.597,2.9861e-18,14.333
89.611,2.9859e-18,14.667
89.625,2.9856e-18,15
89.639,2.9851e-18,15.333
89.653,2.9845e-18,15.667
89.667,2.9838e-18,16
89.681,2.983e-18,16.333
89.694,2.9821e-18,16.667
89.708,2.9813e-18,17
89.722,2.9805e-18,17.333
89.736,2.9797e-18,17.667
89.75,2.9789e-18,18
89.764,2.9783e-18,18.333
89.778,2.9778e-18,18.667
89.792,2.9773e-18,19
89.806,2.977e-18,19.333
89.819,2.9768e-18,19.667
89.833,2.9768e-18,20
89.847,2.9768e-18,20.333
89.861,2.977e-18,20.667
89.875,2.9773e-18,21
89.889,2.9777e-18,21.333
89.903,2.9781e-18,21.667
89.917,2.9786e-18,22
89.931,2.9791e-18,22.333
89.944,2.9796e-18,22.667
89.958,2.9802e-18,23
89.972,2.9807e-18,23.333
89.986,2.9811e-18,23.667
90,2.9814e-18,0
90.014,2.9817e-18,0.33333
90.028,2.9818e-18,0.66667
90.042,2.9817e-18,1
90.056,2.9815e-18,1.3333
90.069,2.9812e-18,1.6667
90.083,2.9808e-18,2
90.097,2.9803e-18,2.3333
90.111,2.9797e-18,2.6667
90.125,2.979e-18,3
90.139,2.9784e-18,3.3333
90.153,2.9777e-18,3.6667
90.167,2.977e-18,4
90.181,2.9764e-18,4.3333
90.194,2.9758e-18,4.6667
90.208,2.9753e-18,5
90.222,2.9749e-18,5.3333
90.236,2.9746e-18,5.6667
90.25,2.9744e-18,6
90.264,2.9743e-18,6.3333
90.278,2.9743e-18,6.6667
90.292,2.9744e-18,7
90.306,2.9746e-18,7.3333
90.319,2.9749e-18,7.6667
90.333,2.9753e-18,8
90.347,2.9758e-18,8.3333
90.361,2.9764e-18,8.6667
90.375,2.977e-18,9
90.389,2.9777e-18,9.3333
90.403,2.9785e-18,9.6667
90.417,2.9793e-18,10
90.431,2.9802e-18,10.333
90.444,2.9811e-18,10.667
90.458,2.9821e-18,11
90.472,2.983e-18,11.333
90.486,2.984e-18,11.667
90.5,2.9849e-18,12
90.514,2.9856e-18,12.333
90.528,2.9863e-18,12.667
90.542,2.9868e-18,13
90.556,2.9872e-18,13.333
90.569,2.9875e-18,13.667
90.583,2.9876e-18,14
90.597,2.9875e-18,14.333
90.611,2.9873e-18,14.667
90.625,2.9869e-18,15
90.639,2.9864e-18,15.333
90.653,2.9858e-18,15.667
90.667,2.9851e-18,16
90.681,2.9843e-18,16.333
90.694,2.9834e-18,16.667
90.708,2.9826e-18,17
90.722,2.9818e-18,17.333
90.736,2.981e-18,17.667
90.75,2.9803e-18,18
90.764,2.9796e-18,18.333
90.778,2.9791e-18,18.667
90.792,2.9787e-18,19
90.806,2.9783e-18,19.333
90.819,2.9782e-18,19.667
90.833,2.9781e-18,20
90.847,2.9782e-18,20.333
90.861,2.9783e-18,20.667
90.875,2.9786e-18,21
90.889,2.979e-18,21.333
90.903,2.9794e-18,21.667
90.917,2.9799e-18,22
90.931,2.9804e-18,22.333
90.944,2.981e-18,22.667
90.958,2.9815e-18,23
90.972,2.982e-18,23.333
90.986,2.9824e-18,23.667
91,2.9828e-18,0
91.014,2.983e-18,0.33333
91.028,2.9831e-18,0.66667
91.042,2.9831e-18,1
91.056,2.9829e-18,1.3333
91.069,2.9826e-18,1.6667
91.083,2.9822e-18,2
91.097,2.9817e-18,2.3333
91.111,2.9811e-18,2.6667
91.125,2.9804e-18,3
91.139,2.9798e-18,3.3333
91.153,2.9791e-18,3.6667
91.167,2.9785e-18,4
91.181,2.9778e-18,4.3333
91.194,2.9773e-18,4.6667
91.208,2.9768e-18,5
91.222,2.9764e-18,5.3333
91.236,2.976e-18,5.6667
91.25,2.9758e-18,6
91.264,2.9757e-18,6.3333
91.278,2.9757e-18,6.6667
91.292,2.9758e-18,7
91.306,2.976e-18,7.3333
91.319,2.9763e-18,7.6667
91.333,2.9767e-18,8
91.347,2.9772e-18,8.3333
91.361,2.9777e-18,8.6667
91.375,2.9784e-18,9
91.389,2.9791e-18,9.3333
91.403,2.9798e-18,9.6667
91.417,2.9806e-18,10
91.431,2.9815e-18,10.333
91.444,2.9824e-18,10.667
91.458,2.9834e-18,11
91.472,2.9843e-18,11.333
91.486,2.9852e-18,11.667
91.5,2.9861e-18,12
91.514,2.9869e-18,12.333
91.528,2.9875e-18,12.667
91.542,2.9881e-18,13
91.556,2.9884e-18,13.333
91.569,2.9887e-18,13.667
91.583,2.9887e-18,14
91.597,2.9887e-18,14.333
91.611,2.9884e-18,14.667
91.625,2.9881e-18,15
91.639,2.9875e-18,15.333
91.653,2.9869e-18,15.667
91.667,2.9862e-18,16
91.681,2.9854e-18,16.333
91.694,2.9846e-18,16.667
91.708,2.9837e-18,17
91.722,2.9829e-18,17.333
91.736,2.9821e-18,17.667
91.75,2.9814e-18,18
91.764,2.9808e-18,18.333
91.778,2.9802e-18,18.667
91.792,2.9798e-18,19
91.806,2.9795e-18,19.333
91.819,2.9793e-18,19.667
91.833,2.9793e-18,20
91.847,2.9793e-18,20.333
91.861,2.9795e-18,20.667
91.875,2.9798e-18,21
91.889,2.9802e-18,21.333
91.903,2.9806e-18,21.667
91.917,2.9811e-18,22
91.931,2.9816e-18,22.333
91.944,2.9822e-18,22.667
91.958,2.9827e-18,23
91.972,2.9832e-18,23.333
91.986,2.9836e-18,23.667
92,2.984e-18,0
92.014,2.9842e-18,0.33333
92.028,2.9843e-18,0.66667
92.042,2.9843e-18,1
92.056,2.9841e-18,1.3333
92.069,2.9838e-18,1.6667
92.083,2.9834e-18,2
92.097,2.9829e-18,2.3333
92.111,2.9824e-18,2.6667
92.125,2.9817e-18,3
92.139,2.9811e-18,3.3333
92.153,2.9804e-18,3.6667
92.167,2.9798e-18,4
92.181,2.9792e-18,4.3333
92.194,2.9786e-18,4.6667
92.208,2.9781e-18,5
92.222,2.9777e-18,5.3333
92.236,2.9774e-18,5.6667
92.25,2.9771e-18,6
92.264,2.977e-18,6.3333
92.278,2.977e-18,6.6667
92.292,2.9771e-18,7
92.306,2.9773e-18,7.3333
92.319,2.9776e-18,7.6667
92.333,2.978e-18,8
92.347,2.9784e-18,8.3333
92.361,2.979e-18,8.6667
92.375,2.9796e-18,9
92.389,2.9803e-18,9.3333
92.403,2.981e-18,9.6667
92.417,2.9818e-18,10
92.431,2.9827e-18,10.333
92.444,2.9836e-18,10.667
92.458,2.9845e-18,11
92.472,2.9855e-18,11.333
92.486,2.9864e-18,11.667
92.5,2.9872e-18,12
92.514,2.988e-18,12.333
92.528,2.9886e-18,12.667
92.542,2.9891e-18,13
92.556,2.9895e-18,13.333
92.569,2.9897e-18,13.667
92.583,2.9898e-18,14
92.597,2.9897e-18,14.333
92.611,2.9895e-18,14.667
92.625,2.9891e-18,15
92.639,2.9886e-18,15.333
92.653,2.9879e-18,15.667
92.667,2.9872e-18,16
92.681,2.9864e-18,16.333
92.694,2.9856e-18,16.667
92.708,2.9847e-18,17
92.722,2.9839e-18,17.333
92.736,2.9831e-18,17.667
92.75,2.9824e-18,18
92.764,2.9818e-18,18.333
92.778,2.9813e-18,18.667
92.792,2.9809e-18,19
92.806,2.9806e-18,19.333
92.819,2.9804e-18,19.667
92.833,2.9803e-18,20
92.847,2.9804e-18,20.333
92.861,2.9806e-18,20.667
92.875,2.9809e-18,21
92.889,2.9813e-18,21.333
92.903,2.9817e-18,21.667
92.917,2.9822e-18,22
92.931,2.9827e-18,22.333
92.944,2.9833e-18,22.667
92.958,2.9838e-18,23
92.972,2.9843e-18,23.333
92.986,2.9848e-18,23.667
93,2.9851e-18,0
93.014,2.9854e-18,0.33333
93.028,2.9855e-18,0.66667
93.042,2.9855e-18,1
93.056,2.9853e-18,1.3333
93.069,2.985e-18,1.6667
93.083,2.9846e-18,2
93.097,2.9841e-18,2.3333
93.111,2.9836e-18,2.6667
93.125,2.9829e-18,3
93.139,2.9823e-18,3.3333
93.153,2.9817e-18,3.6667
93.167,2.981e-18,4
93.181,2.9804e-18,4.3333
93.194,2.9798e-18,4.6667
93.208,2.9794e-18,5
93.222,2.979e-18,5.3333
93.236,2.9786e-18,5.6667
93.25,2.9784e-18,6
93.264,2.9783e-18,6.3333
93.278,2.9783e-18,6.6667
93.292,2.9783e-18,7
93.306,2.9785e-18,7.3333
93.319,2.9788e-18,7.6667
93.333,2.9792e-18,8
93.347,2.9796e-18,8.3333
93.361,2.9801e-18,8.6667
93.375,2.9807e-18,9
93.389,2.9814e-18,9.3333
93.403,2.9821e-18,9.6667
93.417,2.9829e-18,10
93.431,2.9838e-18,10.333
93.444,2.9847e-18,10.667
93.458,2.9856e-18,11
93.472,2.9865e-18,11.333
93.486,2.9874e-18,11.667
93.5,2.9883e-18,12
93.514,2.989e-18,12.333
93.528,2.9897e-18,12.667
93.542,2.9902e-18,13
93.556,2.9905e-18,13.333
93.569,2.9907e-18,13.667
93.583,2.9908e-18,14
93.597,2.9907e-18,14.333
93.611,2.9904e-18,14.667
93.625,2.99e-18,15
93.639,2.9895e-18,15.333
93.653,2.9889e-18,15.667
93.667,2.9882e-18,16
93.681,2.9874e-18,16.333
93.694,2.9865e-18,16.667
93.708,2.9857e-18,17
93.722,2.9849e-18,17.333
93.736,2.9841e-18,17.667
93.75,2.9834e-18,18
93.764,2.9828e-18,18.333
93.778,2.9823e-18,18.667
93.792,2.9819e-18,19
93.806,2.9816e-18,19.333
93.819,2.9814e-18,19.667
93.833,2.9813e-18,20
93.847,2.9814e-18,20.333
93.861,2.9816e-18,20.667
93.875,2.9819e-18,21
93.889,2.9823e-18,21.333
93.903,2.9827e-18,21.667
93.917,2.9832e-18,22
93.931,2.9838e-18,22.333
93.944,2.9843e-18,22.667
93.958,2.9849e-18,23
93.972,2.9854e-18,23.333
93.986,2.9858e-18,23.667
94,2.9862e-18,0
94.014,2.9865e-18,0.33333
94.028,2.9866e-18,0.66667
94.042,2.9866e-18,1
94.056,2.9864e-18,1.3333
94.069,2.9861e-18,1.6667
94.083,2.9858e-18,2
94.097,2.9853e-18,2.3333
94.111,2.9847e-18,2.6667
94.125,2.9841e-18,3
94.139,2.9835e-18,3.3333
94.153,2.9828e-18,3.6667
94.167,2.9822e-18,4
94.181,2.9816e-18,4.3333
94.194,2.9811e-18,4.6667
94.208,2.9806e-18,5
94.222,2.9802e-18,5.3333
94.236,2.9799e-18,5.6667
94.25,2.9796e-18,6
94.264,2.9795e-18,6.3333
94.278,2.9795e-18,6.6667
94.292,2.9795e-18,7
94.306,2.9797e-18,7.3333
94.319,2.98e-18,7.6667
94.333,2.9803e-18,8
94.347,2.9808e-18,8.3333
94.361,2.9813e-18,8.6667
94.375,2.9819e-18,9
94.389,2.9825e-18,9.3333
94.403,2.9832e-18,9.6667
94.417,2.984e-18,10
94.431,2.9849e-18,10.333
94.444,2.9858e-18,10.667
94.458,2.9867e-18,11
94.472,2.9876e-18,11.333
94.486,2.9885e-18,11.667
94.5,2.9893e-18,12
94.514,2.99e-18,12.333
94.528,2.9907e-18,12.667
94.542,2.9911e-18,13
94.556,2.9915e-18,13.333
94.569,2.9917e-18,13.667
94.583,2.9917e-18,14
94.597,2.9916e-18,14.333
94.611,2.9914e-18,14.667
94.625,2.991e-18,15
94.639,2.9904e-18,15.333
94.653,2.9898e-18,15.667
94.667,2.9891e-18,16
94.681,2.9883e-18,16.333
94.694,2.9875e-18,16.667
94.708,2.9866e-18,17
94.722,2.9858e-18,17.333
94.736,2.985e-18,17.667
94.75,2.9843e-18,18
94.764,2.9837e-18,18.333
94.778,2.9832e-18,18.667
94.792,2.9828e-18,19
94.806,2.9825e-18,19.333
94.819,2.9824e-18,19.667
94.833,2.9823e-18,20
94.847,2.9824e-18,20.333
94.861,2.9826e-18,20.667
94.875,2.9829e-18,21
94.889,2.9833e-18,21.333
94.903,2.9837e-18,21.667
94.917,2.9842e-18,22
94.931,2.9848e-18,22.333
94.944,2.9853e-18,22.667
94.958,2.9859e-18,23
94.972,2.9864e-18,23.333
94.986,2.9869e-18,23.667
95,2.9873e-18,0
95.014,2.9875e-18,0.33333
95.028,2.9877e-18,0.66667
95.042,2.9877e-18,1
95.056,2.9875e-18,1.3333
95.069,2.9873e-18,1.6667
95.083,2.9869e-18,2
95.097,2.9864e-18,2.3333
95.111,2.9859e-18,2.6667
95.125,2.9853e-18,3
95.139,2.9847e-18,3.3333
95.153,2.984e-18,3.6667
95.167,2.9834e-18,4
95.181,2.9828e-18,4.3333
95.194,2.9823e-18,4.6667
95.208,2.9818e-18,5
95.222,2.9814e-18,5.3333
95.236,2.9811e-18,5.6667
95.25,2.9808e-18,6
95.264,2.9807e-18,6.3333
95.278,2.9807e-18,6.6667
95.292,2.9807e-18,7
95.306,2.9809e-18,7.3333
95.319,2.9812e-18,7.6667
95.333,2.9815e-18,8
95.347,2.9819e-18,8.3333
95.361,2.9824e-18,8.6667
95.375,2.983e-18,9
95.389,2.9836e-18,9.3333
95.403,2.9844e-18,9.6667
95.417,2.9851e-18,10
95.431,2.986e-18,10.333
95.444,2.9868e-18,10.667
95.458,2.9877e-18,11
95.472,2.9886e-18,11.333
95.486,2.9895e-18,11.667
95.5,2.9903e-18,12
95.514,2.991e-18,12.333
95.528,2.9917e-18,12.667
95.542,2.9921e-18,13
95.556,2.9925e-18,13.333
95.569,2.9927e-18,13.667
95.583,2.9927e-18,14
95.597,2.9926e-18,14.333
95.611,2.9923e-18,14.667
95.625,2.9919e-18,15
95.639,2.9914e-18,15.333
95.653,2.9907e-18,15.667
95.667,2.99e-18,16
95.681,2.9892e-18,16.333
95.694,2.9884e-18,16.667
95.708,2.9875e-18,17
95.722,2.9867e-18,17.333
95.736,2.986e-18,17.667
95.75,2.9853e-18,18
95.764,2.9847e-18,18.333
95.778,2.9842e-18,18.667
95.792,2.9838e-18,19
95.806,2.9835e-18,19.333
95.819,2.9834e-18,19.667
95.833,2.9833e-18,20
95.847,2.9834e-18,20.333
95.861,2.9836e-18,20.667
95.875,2.9839e-18,21
95.889,2.9843e-18,21.333
95.903,2.9848e-18,21.667
95.917,2.9853e-18,22
95.931,2.9858e-18,22.333
95.944,2.9864e-18,22.667
95.958,2.9869e-18,23
95.972,2.9875e-18,23.333
95.986,2.9879e-18,23.667
96,2.9883e-18,0
96.014,2.9886e-18,0.33333
96.028,2.9887e-18,0.66667
96.042,2.9888e-18,1
96.056,2.9886e-18,1.3333
96.069,2.9884e-18,1.6667
96.083,2.988e-18,2
96.097,2.9876e-18,2.3333
96.111,2.987e-18,2.6667
96.125,2.9865e-18,3
96.139,2.9859e-18,3.3333
96.153,2.9852e-18,3.6667
96.167,2.9846e-18,4
96.181,2.984e-18,4.3333
96.194,2.9835e-18,4.6667
96.208,2.983e-18,5
96.222,2.9826e-18,5.3333
96.236,2.9823e-18,5.6667
96.25,2.9821e-18,6
96.264,2.9819e-18,6.3333
96.278,2.9819e-18,6.6667
96.292,2.982e-18,7
96.306,2.9821e-18,7.3333
96.319,2.9824e-18,7.6667
96.333,2.9827e-18,8
96.347,2.9831e-18,8.3333
96.361,2.9836e-18,8.6667
96.375,2.9842e-18,9
96.389,2.9848e-18,9.3333
96.403,2.9855e-18,9.6667
96.417,2.9863e-18,10
96.431,2.9871e-18,10.333
96.444,2.9879e-18,10.667
96.458,2.9888e-18,11
96.472,2.9897e-18,11.333
96.486,2.9906e-18,11.667
96.5,2.9914e-18,12
96.514,2.9921e-18,12.333
96.528,2.9927e-18,12.667
96.542,2.9932e-18,13
96.556,2.9935e-18,13.333
96.569,2.9936e-18,13.667
96.583,2.9937e-18,14
96.597,2.9935e-18,14.333
96.611,2.9933e-18,14.667
96.625,2.9928e-18,15
96.639,2.9923e-18,15.333
96.653,2.9917e-18,15.667
96.667,2.9909e-18,16
96.681,2.9902e-18,16.333
96.694,2.9893e-18,16.667
96.708,2.9885e-18,17
96.722,2.9877e-18,17.333
96.736,2.9869e-18,17.667
96.75,2.9863e-18,18
96.764,2.9857e-18,18.333
96.778,2.9852e-18,18.667
96.792,2.9848e-18,19
96.806,2.9845e-18,19.333
96.819,2.9844e-18,19.667
96.833,2.9843e-18,20
96.847,2.9844e-18,20.333
96.861,2.9846e-18,20.667
96.875,2.9849e-18,21
96.889,2.9853e-18,21.333
96.903,2.9858e-18,21.667
96.917,2.9863e-18,22
96.931,2.9869e-18,22.333
96.944,2.9874e-18,22.667
96.958,2.988e-18,23
96.972,2.9886e-18,23.333
96.986,2.989e-18,23.667
97,2.9894e-18,0
97.014,2.9897e-18,0.33333
97.028,2.9899e-18,0.66667
97.042,2.9899e-18,1
97.056,2.9898e-18,1.3333
97.069,2.9895e-18,1.6667
97.083,2.9892e-18,2
97.097,2.9887e-18,2.3333
97.111,2.9882e-18,2.6667
97.125,2.9877e-18,3
97.139,2.9871e-18,3.3333
97.153,2.9865e-18,3.6667
97.167,2.9859e-18,4
97.181,2.9853e-18,4.3333
97.194,2.9848e-18,4.6667
97.208,2.9843e-18,5
97.222,2.9839e-18,5.3333
97.236,2.9836e-18,5.6667
97.25,2.9833e-18,6
97.264,2.9832e-18,6.3333
97.278,2.9832e-18,6.6667
97.292,2.9832e-18,7
97.306,2.9834e-18,7.3333
97.319,2.9836e-18,7.6667
97.333,2.9839e-18,8
97.347,2.9843e-18,8.3333
97.361,2.9848e-18,8.6667
97.375,2.9854e-18,9
97.389,2.986e-18,9.3333
97.403,2.9867e-18,9.6667
97.417,2.9874e-18,10
97.431,2.9882e-18,10.333
97.444,2.9891e-18,10.667
97.458,2.99e-18,11
97.472,2.9908e-18,11.333
97.486,2.9917e-18,11.667
97.5,2.9925e-18,12
97.514,2.9932e-18,12.333
97.528,2.9938e-18,12.667
97.542,2.9942e-18,13
97.556,2.9945e-18,13.333
97.569,2.9947e-18,13.667
97.583,2.9947e-18,14
97.597,2.9946e-18,14.333
97.611,2.9943e-18,14.667
97.625,2.9939e-18,15
97.639,2.9933e-18,15.333
97.653,2.9927e-18,15.667
97.667,2.992e-18,16
97.681,2.9912e-18,16.333
97.694,2.9903e-18,16.667
97.708,2.9895e-18,17
97.722,2.9887e-18,17.333
97.736,2.988e-18,17.667
97.75,2.9873e-18,18
97.764,2.9867e-18,18.333
97.778,2.9862e-18,18.667
97.792,2.9859e-18,19
97.806,2.9856e-18,19.333
97.819,2.9854e-18,19.667
97.833,2.9854e-18,20
97.847,2.9855e-18,20.333
97.861,2.9857e-18,20.667
97.875,2.986e-18,21
97.889,2.9864e-18,21.333
97.903,2.9869e-18,21.667
97.917,2.9874e-18,22
97.931,2.988e-18,22.333
97.944,2.9886e-18,22.667
97.958,2.9891e-18,23
97.972,2.9897e-18,23.333
97.986,2.9902e-18,23.667
98,2.9906e-18,0
98.014,2.9909e-18,0.33333
98.028,2.991e-18,0.66667
98.042,2.9911e-18,1
98.056,2.991e-18,1.3333
98.069,2.9907e-18,1.6667
98.083,2.9904e-18,2
98.097,2.99e-18,2.3333
98.111,2.9895e-18,2.6667
98.125,2.9889e-18,3
98.139,2.9884e-18,3.3333
98.153,2.9878e-18,3.6667
98.167,2.9872e-18,4
98.181,2.9866e-18,4.3333
98.194,2.9861e-18,4.6667
98.208,2.9856e-18,5
98.222,2.9852e-18,5.3333
98.236,2.9849e-18,5.6667
98.25,2.9847e-18,6
98.264,2.9845e-18,6.3333
98.278,2.9845e-18,6.6667
98.292,2.9846e-18,7
98.306,2.9847e-18,7.3333
98.319,2.9849e-18,7.6667
98.333,2.9853e-18,8
98.347,2.9857e-18,8.3333
98.361,2.9861e-18,8.6667
98.375,2.9867e-18,9
98.389,2.9873e-18,9.3333
98.403,2.9879e-18,9.6667
98.417,2.9887e-18,10
98.431,2.9895e-18,10.333
98.444,2.9903e-18,10.667
98.458,2.9912e-18,11
98.472,2.992e-18,11.333
98.486,2.9929e-18,11.667
98.5,2.9937e-18,12
98.514,2.9944e-18,12.333
98.528,2.9949e-18,12.667
98.542,2.9954e-18,13
98.556,2.9957e-18,13.333
98.569,2.9958e-18,13.667
98.583,2.9958e-18,14
98.597,2.9957e-18,14.333
98.611,2.9954e-18,14.667
98.625,2.9949e-18,15
98.639,2.9944e-18,15.333
98.653,2.9938e-18,15.667
98.667,2.993e-18,16
98.681,2.9922e-18,16.333
98.694,2.9914e-18,16.667
98.708,2.9906e-18,17
98.722,2.9898e-18,17.333
98.736,2.9891e-18,17.667
98.75,2.9884e-18,18
98.764,2.9878e-18,18.333
98.778,2.9874e-18,18.667
98.792,2.987e-18,19
98.806,2.9867e-18,19.333
98.819,2.9866e-18,19.667
98.833,2.9866e-18,20
98.847,2.9867e-18,20.333
98.861,2.9869e-18,20.667
98.875,2.9872e-18,21
98.889,2.9876e-18,21.333
98.903,2.9881e-18,21.667
98.917,2.9886e-18,22
98.931,2.9892e-18,22.333
98.944,2.9898e-18,22.667
98.958,2.9903e-18,23
98.972,2.9909e-18,23.333
98.986,2.9914e-18,23.667
99,2.9918e-18,0
99.014,2.9921e-18,0.33333
99.028,2.9923e-18,0.66667
99.042,2.9923e-18,1
99.056,2.9922e-18,1.3333
99.069,2.992e-18,1.6667
99.083,2.9917e-18,2
99.097,2.9913e-18,2.3333
99.111,2.9908e-18,2.6667
99.125,2.9903e-18,3
99.139,2.9897e-18,3.3333
99.153,2.9892e-18,3.6667
99.167,2.9886e-18,4
99.181,2.988e-18,4.3333
99.194,2.9875e-18,4.6667
99.208,2.9871e-18,5
99.222,2.9867e-18,5.3333
99.236,2.9863e-18,5.6667
99.25,2.9861e-18,6
99.264,2.986e-18,6.3333
99.278,2.9859e-18,6.6667
99.292,2.986e-18,7
99.306,2.9861e-18,7.3333
99.319,2.9863e-18,7.6667
99.333,2.9867e-18,8
99.347,2.987e-18,8.3333
99.361,2.9875e-18,8.6667
99.375,2.988e-18,9
99.389,2.9886e-18,9.3333
99.403,2.9893e-18,9.6667
99.417,2.99e-18,10
99.431,2.9908e-18,10.333
99.444,2.9916e-18,10.667
99.458,2.9925e-18,11
99.472,2.9934e-18,11.333
99.486,2.9942e-18,11.667
99.5,2.9949e-18,12
99.514,2.9956e-18,12.333
99.528,2.9962e-18,12.667
99.542,2.9966e-18,13
99.556,2.9969e-18,13.333
99.569,2.997e-18,13.667
99.583,2.997e-18,14
99.597,2.9969e-18,14.333
99.611,2.9966e-18,14.667
99.625,2.9961e-18,15
99.639,2.9956e-18,15.333
99.653,2.9949e-18,15.667
99.667,2.9942e-18,16
99.681,2.9934e-18,16.333
99.694,2.9926e-18,16.667
99.708,2.9918e-18,17
99.722,2.991e-18,17.333
99.736,2.9903e-18,17.667
99.75,2.9896e-18,18
99.764,2.9891e-18,18.333
99.778,2.9886e-18,18.667
99.792,2.9882e-18,19
99.806,2.988e-18,19.333
99.819,2.9878e-18,19.667
99.833,2.9878e-18,20
99.847,2.9879e-18,20.333
99.861,2.9881e-18,20.667
99.875,2.9885e-18,21
99.889,2.9889e-18,21.333
99.903,2.9894e-18,21.667
99.917,2.9899e-18,22
99.931,2.9905e-18,22.333
99.944,2.991e-18,22.667
99.958,2.9916e-18,23
99.972,2.9922e-18,23.333
99.986,2.9927e-18,23.667
100,2.9931e-18,0
